<?xml version="1.0" encoding="ISO-8859-1"?>
<base:document xmlns:base="http://PWS_Base" xmlns:xsi="http://www.w3.org/2001/XMLSchema-instance" xmlns:ext="http://PWS_Exts">
    <ext:script include_source="./scripts/doc.py"/>
    <base:page x_orig="0" y_orig="0" z_ind="0" fill="#AABBCCFF" x_size_px="960" y_size_px="600" rot_angle="0" ID="page-0" disp_duration_s="40" title="Start">
      <base:shape fill="#A2A2A2FF" x_orig="100" y_orig="300" z_ind="0" x_size_px="400" y_size_px="120" rot_angle="0" ID="tb-0" type="textbox">
	<base:text ext:alignment="center" ext:vertalignment="center_left">
                <base:font underscore="true" size="100">Hello!</base:font>
            </base:text>
	<base:stroke width="5" dash-style="dash" colour="red"/>
      </base:shape>
      <base:playable ext:shade-px="10" x_orig="100" y_orig="300" z_ind="0" x_size_px="300" y_size_px="0" include_source="/playable/Ironmasters.flac" ID="pl-0" autoplay="false">
      </base:playable>
    </base:page>
    <base:page x_orig="0" y_orig="0" z_ind="0" fill="#AABBCCFF" x_size_px="960" y_size_px="600" rot_angle="0" ID="page-1" title="Welcome">
        <base:shape fill="#DBA092FF" x_orig="100" y_orig="300" z_ind="0" x_size_px="600" y_size_px="60" rot_angle="0" ID="tb-1" type="textbox">
            <ext:script include_source="./scripts/tb-0.py"/>
            <base:text>
                <base:font colour="#FFFFFFFF" underscore="false" name="sans-serif" size="55">Welcome to our talk.</base:font>
            </base:text>
        </base:shape>
    </base:page>
    <base:page x_orig="0" y_orig="0" z_ind="0" fill="#AABBCCFF" x_size_px="960" y_size_px="600" rot_angle="0" ID="page-2" title="Welcome">
        <base:shape fill="#DBA092FF" x_orig="100" y_orig="300" z_ind="0" x_size_px="600" y_size_px="60" rot_angle="0" ID="tb-11" type="textbox">
            <base:text>
                <base:font colour="#FFFFFFFF" underscore="false" name="sans-serif" size="55">Welcome to our talk.</base:font>
            </base:text>
        </base:shape>
        <base:shape fill="#DBA092FF" x_orig="100" y_orig="400" z_ind="0" x_size_px="600" y_size_px="60" rot_angle="0" ID="tb-2" type="textbox">
            <base:text>
                <base:font colour="#FFFFFFFF" underscore="true" name="sans-serif" size="40">What's it about?</base:font>
            </base:text>
        </base:shape>
    </base:page>
    <base:page x_orig="0" y_orig="0" z_ind="0" fill="#AABBCCFF" x_size_px="960" y_size_px="600" rot_angle="0" ID="page-3" title="About">
        <base:shape fill="#DBA092FF" x_orig="100" y_orig="50" z_ind="0" x_size_px="600" y_size_px="60" rot_angle="0" ID="tb-3" type="textbox">
            <base:text ext:alignment="left" ext:vertalignment="top_left">
                <base:font colour="#FFFFFFFF" underscore="false" name="sans-serif" size="20">Well, "Lolcats" mostly...</base:font>
            </base:text>
        </base:shape>
    </base:page>
    <base:page x_orig="0" y_orig="0" z_ind="0" fill="#AABBCCFF" x_size_px="960" y_size_px="600" rot_angle="0" ID="page-4" title="1">
        <base:shape fill="#DBA092FF" x_orig="100" y_orig="50" z_ind="0" x_size_px="600" y_size_px="60" rot_angle="0" ID="tb-4" type="textbox">
            <base:text>
                <base:font colour="#FFFFFFFF" underscore="false" name="sans-serif" size="20">Like this one</base:font>
            </base:text>
        </base:shape>
        <base:image include_source="./images/pass.jpg" x_orig="300" y_orig="200" z_ind="0" x_size_px="400" y_size_px="400" rot_angle="22" ID="im0" show_after_s="0"/>
    </base:page>
    <base:page x_orig="0" y_orig="0" z_ind="0" fill="#AABBCCFF" x_size_px="960" y_size_px="600" rot_angle="0" ID="page-5" title="2">
        <base:shape fill="#DBA092FF" x_orig="100" y_orig="50" z_ind="0" x_size_px="600" y_size_px="60" rot_angle="0" ID="tb-5" type="textbox">
            <base:text>
                <base:font colour="#FFFFFFFF" underscore="false" name="sans-serif" size="20">Or this one</base:font>
            </base:text>
        </base:shape>
        <base:image include_source="./images/pass.jpg" x_orig="300" y_orig="200" z_ind="0" x_size_px="400" y_size_px="400" rot_angle="22" ID="im1" />
        <base:image include_source="./images/pic1.jpg" x_orig="300" y_orig="200" z_ind="-1" x_size_px="400" y_size_px="400" rot_angle="-22" ID="im2" />
    </base:page>
    <base:page x_orig="0" y_orig="0" z_ind="0" fill="#AABBCCFF" x_size_px="960" y_size_px="600" rot_angle="0" ID="page-6" title="3">
        <base:shape fill="#DBA092FF" x_orig="200" y_orig="250" z_ind="0" x_size_px="500" y_size_px="60" rot_angle="90" ID="tb-50" type="textbox">
            <base:text>
                <base:font colour="#FFFFFFFF" underscore="false" name="sans-serif" size="25">This is an historical Lolcat</base:font>
            </base:text>
        </base:shape>
        <base:image include_source="./images/hist.jpg" x_orig="50" y_orig="100" z_ind="0" x_size_px="400" y_size_px="400" rot_angle="0" ID="im3" />
    </base:page>
    <base:page x_orig="0" y_orig="0" z_ind="0" fill="#AABBCCFF" x_size_px="960" y_size_px="600" rot_angle="0" ID="page-blah" title="4">
        <base:image include_source="./images/blah.jpg" x_orig="250" y_orig="100" z_ind="0" x_size_px="500" y_size_px="500" rot_angle="0" ID="blah" />
    </base:page>
    <base:page x_orig="0" y_orig="0" z_ind="0" fill="#AABBCCFF" x_size_px="960" y_size_px="600" rot_angle="0" ID="page-blah-b" disp_duration_s="6" title="5">
        <base:image include_source="./images/blah.jpg" x_orig="250" y_orig="100" z_ind="2" x_size_px="500" y_size_px="500" rot_angle="0" ID="im4" />
        <base:shape fill="#DBA092BB" x_orig="150" y_orig="275" z_ind="-1" x_size_px="700" y_size_px="60" rot_angle="0" ID="tb-6" show_after_s="2" type="textbox">
            <base:text>
                <base:font colour="#000000FF" underscore="true" name="sans-serif" size="50">Wait - That's not a Lolcat!</base:font>
            </base:text>
        </base:shape>
    </base:page>
    <base:page x_orig="0" y_orig="0" z_ind="0" fill="#AABBCCFF" x_size_px="960" y_size_px="600" rot_angle="0" ID="page-blah-c" disp_duration_s="6" show_after_s="0" title="6">
        <base:image include_source="./images/blah.jpg" x_orig="250" y_orig="100" z_ind="2" x_size_px="500" y_size_px="500" rot_angle="0" ID="im40" />
        <base:shape fill="#DBA092BB" x_orig="150" y_orig="275" z_ind="-1" x_size_px="700" y_size_px="60" rot_angle="0" ID="tb-60"  type="textbox">
            <base:text>
                <base:font colour="#000000FF" underscore="true" name="sans-serif" size="50">Wait - That's not a Lolcat!</base:font>
            </base:text>
        </base:shape>
        <base:shape fill="#4CD82CBB" x_orig="150" y_orig="375" z_ind="-1" x_size_px="700" y_size_px="60" rot_angle="0" ID="tb-7" show_after_s="0" type="textbox">
            <base:text>
                <base:font colour="#000000FF" underscore="false" name="sans-serif" size="30">How did you get in here&#x203D;</base:font>
            </base:text>
        </base:shape>
    </base:page>
    <base:page x_orig="0" y_orig="0" z_ind="0" fill="#AABBCCFF" x_size_px="960" y_size_px="600" rot_angle="0" ID="page-7" title="7">
        <base:shape fill="#DBA092FF" x_orig="100" y_orig="300" z_ind="0" x_size_px="600" y_size_px="60" rot_angle="0" ID="tb-8" type="textbox">
            <base:text>
                <base:font colour="#FFFFFFFF" underscore="false" name="sans-serif" size="40">Back to the Cats</base:font>
            </base:text>
        </base:shape>
    </base:page>
    <base:page x_orig="0" y_orig="0" z_ind="0" fill="#AABBCCFF" x_size_px="960" y_size_px="600" rot_angle="0" ID="page-8"  title="8">
        <base:shape fill="#DBA092FF" x_orig="100" y_orig="50" z_ind="0" x_size_px="600" y_size_px="60" rot_angle="0" ID="tb-9" type="textbox">
            <base:text>
                <base:font colour="#FFFFFFFF" underscore="false" name="sans-serif" size="20">This is actually what's in the program</base:font>
            </base:text>
        </base:shape>
        <base:image include_source="./images/graphic.jpg" x_orig="300" y_orig="200" z_ind="0" x_size_px="400" y_size_px="400" rot_angle="0" ID="im-graph" />
    </base:page>
    <base:page x_orig="0" y_orig="0" z_ind="0" fill="#AABBCCFF" x_size_px="960" y_size_px="600" rot_angle="0" ID="page-int" title="10">
        <base:shape fill="#DBA092FF" x_orig="100" y_orig="50" z_ind="0" x_size_px="600" y_size_px="50" rot_angle="0" ID="tb-90" type="textbox">
            <base:text>
                <base:font colour="#FFFFFFFF" underscore="false" name="sans-serif" size="20">These get downloaded from the internet</base:font>
            </base:text>
        </base:shape>
        <base:shape fill="#000000FF" x_orig="100" y_orig="100" z_ind="0" x_size_px="600" y_size_px="50" rot_angle="0" ID="tb-10" type="textbox">
            <base:text>
              <base:font colour="#FFFFFFFF" underscore="false" size="12">Source: <base:href type="external" target="https://upload.wikimedia.org/wikipedia/commons/1/1a/Cat_crying_%28Lolcat%29.jpg">https://upload.wikimedia.org/wikipedia/commons/1/1a/Cat_crying_%28Lolcat%29.jpg</base:href>
Source:<base:href type="external" target="https://i.redd.it/q36xva16boi81.gif">https://i.redd.it/q36xva16boi81.gif</base:href></base:font>
            </base:text>
        </base:shape>
        <base:image include_source="https://upload.wikimedia.org/wikipedia/commons/1/1a/Cat_crying_%28Lolcat%29.jpg" x_orig="50" y_orig="200" z_ind="0" x_size_px="400" y_size_px="400" rot_angle="0" ID="im-int" />
        <base:image include_source="https://i.redd.it/q36xva16boi81.gif" x_orig="500" y_orig="200" z_ind="0" x_size_px="400" y_size_px="400" rot_angle="0" ID="im-int-red"/>
    </base:page>
    <base:page x_orig="0" y_orig="0" z_ind="0" fill="#000000FF" x_size_px="960" y_size_px="600" rot_angle="0" ID="page-end" title="End">
        <base:shape fill="#000000FF" x_orig="250" y_orig="200" z_ind="0" x_size_px="400" y_size_px="120" rot_angle="0" ID="tb-101" disp_duration_s="10" show_after_s="0" type="textbox">
            <base:text>
                <base:font colour="#FFFFFFFF" underscore="true" size="150" italic="true" name="serif">Fin.</base:font>
            </base:text>
        </base:shape>
    </base:page>
</base:document>
