<?xml version="1.0" encoding="ISO-8859-1"?>
<base:document xmlns:base="http://PWS_Base" xmlns:xsi="http://www.w3.org/2001/XMLSchema-instance" xmlns:ext="http://PWS_Exts">
  <base:page title="Calculator" l-shade-px="0.0" r-shade-px="0.0" disp_duration_s="-1.0" visible="true" show_after_s="0.0" y_size_px="600.0" fill="0x4a9e2aff" y_orig="0.0" t-shade-px="0.0" shade_colour="0x000000ff" ext:shade-px="0.0" alpha="0.9" z_ind="0.0" b-shade-px="0.0" ID="page-0" x_size_px="960.0" x_orig="0.0" rot_angle="0.0">
    <base:shape type="rectangle" l-shade-px="0.0" r-shade-px="0.0" disp_duration_s="-1.0" visible="true" show_after_s="0.0" y_size_px="500.0" fill="0x669999ff" y_orig="68.50318471337584" t-shade-px="0.0" shade_colour="0x000000ff" ext:shade-px="10.0" alpha="1.0" z_ind="5.0" b-shade-px="0.0" ID="calcbody" x_orig="104.42993630573255" x_size_px="700.0" rot_angle="0.0">
      
      <base:stroke width="5.0" dash="plain" colour="black"/>
    <base:text ext:alignment="left" ext:vertalignment="center_left"><base:font ext:alignment="left" colour="0xffffffff" ext:vertalignment="center_left" size="55.0" underscore="false" name="sans-serif"/></base:text></base:shape>
    <base:shape type="rectangle" l-shade-px="0.0" r-shade-px="0.0" disp_duration_s="-1.0" visible="true" show_after_s="0.0" y_size_px="110.0" fill="0x99cc99ff" t-shade-px="0.0" shade_colour="0x000000ff" ext:shade-px="0.0" alpha="1.0" z_ind="0.0" b-shade-px="0.0" ID="text-out" x_size_px="600.0" rot_angle="0.0" x_orig="159.45859872611481" y_orig="90.78980891719749">
      <base:stroke width="5.0" dash="plain" colour="black"/>
    <base:text ext:alignment="left" ext:vertalignment="center_left"><base:font ext:alignment="left" colour="0x000000ff" ext:vertalignment="center_left" size="50.0" underscore="false" name="monospace" bold="false" italic="false">0</base:font></base:text></base:shape>
    <base:shape type="rectangle" l-shade-px="0.0" r-shade-px="0.0" disp_duration_s="-1.0" visible="true" show_after_s="0.0" y_size_px="75.0" fill="0x666666ff" t-shade-px="0.0" shade_colour="0x000000ff" ext:shade-px="0.0" alpha="1.0" z_ind="0.0" b-shade-px="0.0" ID="cb1" x_size_px="75.0" rot_angle="0.0" x_orig="145.1146496815287" y_orig="216.1783439490446">
      <base:text ext:alignment="center" ext:vertalignment="center_left">
        <base:font ext:alignment="center" colour="0xffffffff" ext:vertalignment="center_left" size="55.0" underscore="false" name="sans-serif" bold="false" italic="false">1</base:font>
      </base:text>
      <base:stroke width="5.0" dash="plain" colour="black"/>
    <ext:script include_source="/scripts/cb115464258884636807970.py" language="python"/></base:shape>
    <base:shape type="rectangle" l-shade-px="0.0" r-shade-px="0.0" disp_duration_s="-1.0" visible="true" show_after_s="0.0" y_size_px="75.0" fill="0x666666ff" t-shade-px="0.0" shade_colour="0x000000ff" ext:shade-px="0.0" alpha="1.0" z_ind="0.0" b-shade-px="0.0" ID="cb2" x_size_px="75.0" rot_angle="0.0" x_orig="236.73248407643314" y_orig="215.12101910828028">
      <base:text ext:alignment="center" ext:vertalignment="center_left">
                <base:font ext:alignment="center" colour="0xffffffff" ext:vertalignment="center_left" size="55.0" underscore="false" name="sans-serif" bold="false" italic="false">2</base:font>
            </base:text>
      <base:stroke width="5.0" dash="plain" colour="black"/>
    <ext:script include_source="/scripts/cb27299297125365549858.py" language="python"/></base:shape>
    <base:shape type="rectangle" l-shade-px="0.0" r-shade-px="0.0" disp_duration_s="-1.0" visible="true" show_after_s="0.0" y_size_px="75.0" fill="0x666666ff" t-shade-px="0.0" shade_colour="0x000000ff" ext:shade-px="0.0" alpha="1.0" z_ind="0.0" b-shade-px="0.0" ID="cb3" x_size_px="75.0" rot_angle="0.0" x_orig="328.6050955414013" y_orig="215.14968152866243">
      <base:text ext:alignment="center" ext:vertalignment="center_left">
        <base:font ext:alignment="center" colour="0xffffffff" ext:vertalignment="center_left" size="55.0" underscore="false" name="sans-serif" bold="false" italic="false">3</base:font>
      </base:text>
      <base:stroke width="5.0" dash="plain" colour="black"/>
    <ext:script include_source="/scripts/cb37605658835682691093.py" language="python"/></base:shape>
    <base:shape type="rectangle" l-shade-px="0.0" r-shade-px="0.0" disp_duration_s="-1.0" visible="true" show_after_s="0.0" y_size_px="75.0" fill="0x666666ff" t-shade-px="0.0" shade_colour="0x000000ff" ext:shade-px="0.0" alpha="1.0" z_ind="0.0" b-shade-px="0.0" ID="cb4" x_size_px="75.0" rot_angle="0.0" x_orig="420.4490445859873" y_orig="216.14968152866246">
      <base:text ext:alignment="center" ext:vertalignment="center_left">
        <base:font ext:alignment="center" colour="0xffffffff" ext:vertalignment="center_left" size="55.0" underscore="false" name="sans-serif" bold="false" italic="false">4</base:font>
      </base:text>
      <base:stroke width="5.0" dash="plain" colour="black"/>
    <ext:script include_source="/scripts/cb46753909591859858233.py" language="python"/></base:shape>
    <base:shape type="rectangle" l-shade-px="0.0" r-shade-px="0.0" disp_duration_s="-1.0" visible="true" show_after_s="0.0" y_size_px="75.0" fill="0x666666ff" y_orig="217.1783439490446" t-shade-px="0.0" shade_colour="0x000000ff" ext:shade-px="0.0" alpha="1.0" z_ind="0.0" b-shade-px="0.0" ID="cb5" x_size_px="75.0" x_orig="513.4649681528663" rot_angle="0.0">
      <base:text ext:alignment="center" ext:vertalignment="center_left">
        <base:font ext:alignment="center" colour="0xffffffff" ext:vertalignment="center_left" size="55.0" underscore="false" name="sans-serif" bold="false" italic="false">5</base:font>
      </base:text>
      <base:stroke width="5.0" dash="plain" colour="black"/>
    <ext:script include_source="/scripts/cb59379404302493440023.py" language="python"/></base:shape>
    <base:shape type="rectangle" l-shade-px="0.0" r-shade-px="0.0" disp_duration_s="-1.0" visible="true" show_after_s="0.0" y_size_px="75.0" fill="0x666666ff" y_orig="217.1687898089172" t-shade-px="0.0" shade_colour="0x000000ff" ext:shade-px="0.0" alpha="1.0" z_ind="0.0" b-shade-px="0.0" ID="cb6" x_size_px="75.0" x_orig="606.1433121019109" rot_angle="0.0">
      <base:text ext:alignment="center" ext:vertalignment="center_left">
        <base:font ext:alignment="center" colour="0xffffffff" ext:vertalignment="center_left" size="55.0" underscore="false" name="sans-serif" bold="false" italic="false">6</base:font>
      </base:text>
      <base:stroke width="5.0" dash="plain" colour="black"/>
    <ext:script include_source="/scripts/cb65744178142521564178.py" language="python"/></base:shape>
    <base:shape type="rectangle" l-shade-px="0.0" r-shade-px="0.0" disp_duration_s="-1.0" visible="true" show_after_s="0.0" y_size_px="75.0" fill="0x666666ff" t-shade-px="0.0" shade_colour="0x000000ff" ext:shade-px="0.0" alpha="1.0" z_ind="0.0" b-shade-px="0.0" ID="cb7" x_size_px="75.0" rot_angle="0.0" x_orig="697.359872611465" y_orig="217.14012738853506">
      <base:text ext:alignment="center" ext:vertalignment="center_left">
        <base:font ext:alignment="center" colour="0xffffffff" ext:vertalignment="center_left" size="55.0" underscore="false" name="sans-serif" bold="false" italic="false">7</base:font>
      </base:text>
      <base:stroke width="5.0" dash="plain" colour="black"/>
    <ext:script include_source="/scripts/cb715004752066958235406.py" language="python"/></base:shape>
    <base:shape type="rectangle" l-shade-px="0.0" r-shade-px="0.0" disp_duration_s="-1.0" visible="true" show_after_s="0.0" y_size_px="75.0" fill="0x666666ff" t-shade-px="0.0" shade_colour="0x000000ff" ext:shade-px="0.0" alpha="1.0" z_ind="0.0" b-shade-px="0.0" ID="cb8" x_size_px="75.0" rot_angle="0.0" x_orig="144.4617834394905" y_orig="305.19745222929936">
      <base:text ext:alignment="center" ext:vertalignment="center_left">
        <base:font ext:alignment="center" colour="0xffffffff" ext:vertalignment="center_left" size="55.0" underscore="false" name="sans-serif" bold="false" italic="false">8</base:font>
      </base:text>
      <base:stroke width="5.0" dash="plain" colour="black"/>
    <ext:script include_source="/scripts/cb89283773685745897217.py" language="python"/></base:shape>
    <base:shape type="rectangle" l-shade-px="0.0" r-shade-px="0.0" disp_duration_s="-1.0" visible="true" show_after_s="0.0" y_size_px="75.0" fill="0x666666ff" t-shade-px="0.0" shade_colour="0x000000ff" ext:shade-px="0.0" alpha="1.0" z_ind="0.0" b-shade-px="0.0" ID="cb9" x_size_px="75.0" rot_angle="0.0" x_orig="237.44904458598728" y_orig="305.14012738853506">
      <base:text ext:alignment="center" ext:vertalignment="center_left">
        <base:font ext:alignment="center" colour="0xffffffff" ext:vertalignment="center_left" size="55.0" underscore="false" name="sans-serif" bold="false" italic="false">9</base:font>
      </base:text>
      <base:stroke width="5.0" dash="plain" colour="black"/>
    <ext:script include_source="/scripts/cb99874459973549301289.py" language="python"/></base:shape>
    <base:shape type="rectangle" l-shade-px="0.0" r-shade-px="0.0" disp_duration_s="-1.0" visible="true" show_after_s="0.0" y_size_px="75.0" fill="0x666666ff" t-shade-px="0.0" shade_colour="0x000000ff" ext:shade-px="0.0" alpha="1.0" z_ind="0.0" b-shade-px="0.0" ID="cbplus" x_size_px="75.0" rot_angle="0.0" x_orig="697.3216560509554" y_orig="306.0828025477707">
      
      <base:stroke width="5.0" dash="plain" colour="black"/>
    <base:text ext:alignment="center" ext:vertalignment="center_left"><base:font ext:alignment="center" colour="0xffffffff" ext:vertalignment="center_left" size="55.0" underscore="false" name="sans-serif" bold="false" italic="false">+</base:font></base:text><ext:script include_source="/scripts/cbplus4105271985270006340.py" language="python"/></base:shape>
    <base:shape type="rectangle" l-shade-px="0.0" r-shade-px="0.0" disp_duration_s="-1.0" visible="true" show_after_s="0.0" y_size_px="75.0" fill="0x666666ff" t-shade-px="0.0" shade_colour="0x000000ff" ext:shade-px="0.0" alpha="1.0" z_ind="0.0" b-shade-px="0.0" ID="cbmult" x_size_px="75.0" rot_angle="0.0" x_orig="512.6500000000001" y_orig="305.93333333333334">
      
      <base:stroke width="5.0" dash="plain" colour="black"/>
    <base:text ext:alignment="center" ext:vertalignment="center_left"><base:font ext:alignment="center" colour="0xffffffff" ext:vertalignment="center_left" size="55.0" underscore="false" name="sans-serif" bold="false" italic="false">*</base:font></base:text><ext:script include_source="/scripts/cbmult9406223122138532626.py" language="python"/></base:shape>
    <base:shape type="rectangle" l-shade-px="0.0" r-shade-px="0.0" disp_duration_s="-1.0" visible="true" show_after_s="0.0" y_size_px="75.0" fill="0x666666ff" t-shade-px="0.0" shade_colour="0x000000ff" ext:shade-px="0.0" alpha="1.0" z_ind="0.0" b-shade-px="0.0" ID="cbdiv" x_size_px="75.0" rot_angle="0.0" x_orig="605.8666666666667" y_orig="305.01666666666665">
      
      <base:stroke width="5.0" dash="plain" colour="black"/>
    <base:text ext:alignment="center" ext:vertalignment="center_left"><base:font ext:alignment="center" colour="0xffffffff" ext:vertalignment="center_left" size="55.0" underscore="false" name="sans-serif" bold="false" italic="false">/</base:font></base:text><ext:script include_source="/scripts/cbdiv15246327328652005284.py" language="python"/></base:shape>
    <base:shape type="rectangle" l-shade-px="0.0" r-shade-px="0.0" disp_duration_s="-1.0" visible="true" show_after_s="0.0" y_size_px="75.0" fill="0x666666ff" t-shade-px="0.0" shade_colour="0x000000ff" ext:shade-px="0.0" alpha="1.0" z_ind="0.0" b-shade-px="0.0" ID="cbminus" x_size_px="75.0" rot_angle="0.0" x_orig="421.15" y_orig="305.51666666666665">
      
      <base:stroke width="5.0" dash="plain" colour="black"/>
    <base:text ext:alignment="center" ext:vertalignment="center_left"><base:font ext:alignment="center" colour="0xffffffff" ext:vertalignment="center_left" size="55.0" underscore="false" name="sans-serif" bold="false" italic="false">-</base:font></base:text><ext:script include_source="/scripts/cbminus14866414827800939044.py" language="python"/></base:shape>
  <base:shape type="rectangle" l-shade-px="0.0" r-shade-px="0.0" disp_duration_s="-1.0" visible="true" show_after_s="0.0" y_size_px="75.0" fill="0x808080ff" t-shade-px="0.0" shade_colour="0x000000ff" ext:shade-px="0.0" alpha="1.0" z_ind="0.0" b-shade-px="0.0" ID="cbret" x_size_px="170.0" rot_angle="0.0" x_orig="146.57961783439498" y_orig="492.79936305732485"><base:stroke width="5.0" dash="plain" colour="black"/><base:text ext:alignment="center" ext:vertalignment="center_left"><base:font ext:alignment="center" colour="0xffffffff" ext:vertalignment="center_left" size="55.0" underscore="false" name="sans-serif" bold="false" italic="false">Enter</base:font></base:text><ext:script include_source="/scripts/cbret5379704407114322419.py" language="python"/></base:shape><base:shape type="rectangle" l-shade-px="0.0" r-shade-px="0.0" disp_duration_s="-1.0" visible="true" show_after_s="0.0" y_size_px="75.0" fill="0x666666ff" t-shade-px="0.0" shade_colour="0x000000ff" ext:shade-px="0.0" alpha="1.0" z_ind="0.0" b-shade-px="0.0" ID="cbpi" x_size_px="75.0" rot_angle="0.0" x_orig="144.14637146371456" y_orig="397.7724477244773"><base:stroke width="5.0" dash="plain" colour="black"/><base:text ext:alignment="center" ext:vertalignment="center_left"><base:font ext:alignment="center" colour="0xffffffff" ext:vertalignment="center_left" size="55.0" underscore="false" name="sans-serif" bold="false" italic="false">&#x3C0;</base:font></base:text><ext:script include_source="/scripts/cbpi11767167179079808216.py" language="python"/></base:shape><base:shape type="rectangle" l-shade-px="0.0" r-shade-px="0.0" disp_duration_s="-1.0" visible="true" show_after_s="0.0" y_size_px="75.0" fill="0x666666ff" t-shade-px="0.0" shade_colour="0x000000ff" ext:shade-px="0.0" alpha="1.0" z_ind="0.0" b-shade-px="0.0" ID="shape-1654170509402" x_size_px="75.0" rot_angle="0.0" x_orig="335.8437884378843" y_orig="494.0455104551046"><base:stroke width="5.0" dash="plain" colour="black"/><base:text ext:alignment="center" ext:vertalignment="center_left"><base:font ext:alignment="center" colour="0xffffffff" ext:vertalignment="center_left" size="55.0" underscore="false" name="monospace" bold="false" italic="false">R&#x2193;</base:font></base:text><ext:script include_source="/scripts/shape-165417050940214057277144084649860.py" language="python"/></base:shape><base:shape type="rectangle" l-shade-px="0.0" r-shade-px="0.0" disp_duration_s="-1.0" visible="true" show_after_s="0.0" y_size_px="75.0" fill="0x666666ff" t-shade-px="0.0" shade_colour="0x000000ff" ext:shade-px="0.0" alpha="1.0" z_ind="0.0" b-shade-px="0.0" ID="shape-1654170510802" x_size_px="75.0" rot_angle="0.0" x_orig="425.5928659286592" y_orig="494.0455104551046"><base:stroke width="5.0" dash="plain" colour="black"/><base:text ext:alignment="center" ext:vertalignment="center_left"><base:font ext:alignment="center" colour="0xffffffff" ext:vertalignment="center_left" size="40.0" underscore="false" name="monospace" bold="false" italic="false">X&#x2194;Y</base:font></base:text><ext:script include_source="/scripts/shape-16541705108021192166390186615202.py" language="python"/></base:shape><base:shape type="rectangle" l-shade-px="0.0" r-shade-px="0.0" disp_duration_s="-1.0" visible="true" show_after_s="0.0" y_size_px="75.0" fill="0x666666ff" t-shade-px="0.0" shade_colour="0x000000ff" ext:shade-px="0.0" alpha="1.0" z_ind="0.0" b-shade-px="0.0" ID="shape-1654170511978" x_size_px="75.0" rot_angle="0.0" x_orig="515.5178351783518" y_orig="494.2386223862239"><base:stroke width="5.0" dash="plain" colour="black"/><base:text ext:alignment="center" ext:vertalignment="center_left"><base:font ext:alignment="center" colour="0xffffffff" ext:vertalignment="center_left" size="20.0" underscore="false" name="monospace" bold="false" italic="false">SIN(X)</base:font></base:text><ext:script include_source="/scripts/shape-16541705119785034118297021279458.py" language="python"/></base:shape><base:shape type="rectangle" l-shade-px="0.0" r-shade-px="0.0" disp_duration_s="-1.0" visible="true" show_after_s="0.0" y_size_px="75.0" fill="0x666666ff" t-shade-px="0.0" shade_colour="0x000000ff" ext:shade-px="0.0" alpha="1.0" z_ind="0.0" b-shade-px="0.0" ID="shape-1654170512923" x_size_px="75.0" rot_angle="0.0" x_orig="605.2152521525215" y_orig="494.0455104551046"><base:stroke width="5.0" dash="plain" colour="black"/><base:text ext:alignment="center" ext:vertalignment="center_left"><base:font ext:alignment="center" colour="0xffffffff" ext:vertalignment="center_left" size="25.0" underscore="false" name="monospace" bold="false" italic="false">TG(X)</base:font></base:text><ext:script include_source="/scripts/shape-165417051292314561266087107604693.py" language="python"/></base:shape><base:shape type="rectangle" l-shade-px="0.0" r-shade-px="0.0" disp_duration_s="-1.0" visible="true" show_after_s="0.0" y_size_px="75.0" fill="0x666666ff" t-shade-px="0.0" shade_colour="0x000000ff" ext:shade-px="0.0" alpha="1.0" z_ind="0.0" b-shade-px="0.0" ID="shape-1654170674686" x_size_px="75.0" rot_angle="0.0" x_orig="696.3394833948339" y_orig="494.64206642066426"><base:stroke width="5.0" dash="plain" colour="black"/><base:text ext:alignment="center" ext:vertalignment="center_left"><base:font ext:alignment="center" colour="0xffffffff" ext:vertalignment="center_left" size="55.0" underscore="false" name="sans-serif" bold="false" italic="false">.</base:font></base:text><ext:script include_source="/scripts/shape-16541706746867366772991484848748.py" language="python"/></base:shape><base:shape type="rectangle" l-shade-px="0.0" r-shade-px="0.0" disp_duration_s="-1.0" visible="true" show_after_s="0.0" y_size_px="75.0" fill="0x666666ff" t-shade-px="0.0" shade_colour="0x000000ff" ext:shade-px="0.0" alpha="1.0" z_ind="0.0" b-shade-px="0.0" ID="shape-1654178749443" x_size_px="75.0" rot_angle="0.0" x_orig="330.6346863468634" y_orig="306.01107011070116"><base:stroke width="5.0" dash="plain" colour="black"/><base:text ext:alignment="center" ext:vertalignment="center_left"><base:font ext:alignment="center" colour="0xffffffff" ext:vertalignment="center_left" size="55.0" underscore="false" name="sans-serif" bold="false" italic="false">0</base:font></base:text><ext:script include_source="/scripts/shape-16541787494436503109393356336760.py" language="python"/></base:shape><base:shape type="rectangle" l-shade-px="0.0" r-shade-px="0.0" disp_duration_s="-1.0" visible="true" show_after_s="0.0" y_size_px="75.0" fill="0x666666ff" t-shade-px="0.0" shade_colour="0x000000ff" ext:shade-px="0.0" alpha="1.0" z_ind="0.0" b-shade-px="0.0" ID="shape-1654178750891" x_size_px="75.0" rot_angle="0.0" x_orig="237.64944649446494" y_orig="397.20418204182045"><base:stroke width="5.0" dash="plain" colour="black"/><base:text ext:alignment="center" ext:vertalignment="center_left"><base:font ext:alignment="center" colour="0xffffffff" ext:vertalignment="center_left" size="30.0" underscore="false" name="monospace" bold="false" italic="false">&#x221A;(X)</base:font></base:text><ext:script include_source="/scripts/shape-165417875089117368303343222306267.py" language="python"/></base:shape><base:shape type="rectangle" l-shade-px="0.0" r-shade-px="0.0" disp_duration_s="-1.0" visible="true" show_after_s="0.0" y_size_px="75.0" fill="0x666666ff" t-shade-px="0.0" shade_colour="0x000000ff" ext:shade-px="0.0" alpha="1.0" z_ind="0.0" b-shade-px="0.0" ID="shape-1654178751547" x_size_px="75.0" rot_angle="0.0" x_orig="329.9778597785978" y_orig="396.6248462484625"><base:stroke width="5.0" dash="plain" colour="black"/><base:text ext:alignment="center" ext:vertalignment="center_left"><base:font ext:alignment="center" colour="0xffffffff" ext:vertalignment="center_left" size="35.0" underscore="false" name="monospace" bold="false" italic="false">EXP</base:font></base:text><ext:script include_source="/scripts/shape-165417875154715116361604991143555.py" language="python"/></base:shape><base:shape type="rectangle" l-shade-px="0.0" r-shade-px="0.0" disp_duration_s="-1.0" visible="true" show_after_s="0.0" y_size_px="75.0" fill="0x666666ff" t-shade-px="0.0" shade_colour="0x000000ff" ext:shade-px="0.0" alpha="1.0" z_ind="0.0" b-shade-px="0.0" ID="shape-1654178752371" x_size_px="75.0" rot_angle="0.0" x_orig="421.5719557195572" y_orig="395.3972939729398"><base:stroke width="5.0" dash="plain" colour="black"/><base:text ext:alignment="center" ext:vertalignment="center_left"><base:font ext:alignment="center" colour="0xffffffff" ext:vertalignment="center_left" size="15.0" underscore="false" name="monospace" bold="false" italic="false">ASIN(X)</base:font></base:text><ext:script include_source="/scripts/shape-1654178752371160020868723886991.py" language="python"/></base:shape><base:shape type="rectangle" l-shade-px="0.0" r-shade-px="0.0" disp_duration_s="-1.0" visible="true" show_after_s="0.0" y_size_px="75.0" fill="0x666666ff" t-shade-px="0.0" shade_colour="0x000000ff" ext:shade-px="0.0" alpha="1.0" z_ind="0.0" b-shade-px="0.0" ID="shape-1654178753204" x_size_px="75.0" rot_angle="0.0" x_orig="512.9348093480935" y_orig="396.01107011070116"><base:stroke width="5.0" dash="plain" colour="black"/><base:text ext:alignment="center" ext:vertalignment="center_left"><base:font ext:alignment="center" colour="0xffffffff" ext:vertalignment="center_left" size="20.0" underscore="false" name="monospace" bold="false" italic="false">ATG(X)</base:font></base:text><ext:script include_source="/scripts/shape-16541787532048323127465571725604.py" language="python"/></base:shape><base:shape type="rectangle" l-shade-px="0.0" r-shade-px="0.0" disp_duration_s="-1.0" visible="true" show_after_s="0.0" y_size_px="75.0" fill="0x666666ff" y_orig="396.20418204182045" t-shade-px="0.0" shade_colour="0x000000ff" ext:shade-px="0.0" alpha="1.0" z_ind="0.0" b-shade-px="0.0" ID="shape-1654178753964" x_orig="604.6150061500615" x_size_px="75.0" rot_angle="0.0"><base:stroke width="5.0" dash="plain" colour="black"/><base:text ext:alignment="center" ext:vertalignment="center_left"><base:font ext:alignment="center" colour="0xffffffff" ext:vertalignment="center_left" size="45.0" underscore="false" name="monospace" bold="false" italic="false">(-)</base:font></base:text><ext:script include_source="/scripts/shape-165417875396411570568345568261529.py" language="python"/></base:shape><base:shape type="rectangle" l-shade-px="0.0" r-shade-px="0.0" disp_duration_s="-1.0" visible="true" show_after_s="0.0" y_size_px="75.0" fill="0x666666ff" y_orig="395.7835178351784" t-shade-px="0.0" shade_colour="0x000000ff" ext:shade-px="0.0" alpha="1.0" z_ind="0.0" b-shade-px="0.0" ID="shape-1654178754697" x_orig="696.840098400984" x_size_px="75.0" rot_angle="0.0"><base:stroke width="5.0" dash="plain" colour="black"/><base:text ext:alignment="center" ext:vertalignment="center_left"><base:font ext:alignment="center" colour="0xffffffff" ext:vertalignment="center_left" size="35.0" underscore="false" name="monospace" bold="false" italic="false">Y^X</base:font></base:text><ext:script include_source="/scripts/shape-165417875469717573703142007243933.py" language="python"/></base:shape><base:shape type="rectangle" l-shade-px="0.0" r-shade-px="0.0" disp_duration_s="-1.0" visible="true" show_after_s="0.0" y_size_px="50.0" fill="0x2b5292ff" t-shade-px="0.0" shade_colour="0x01006eff" ext:shade-px="10.0" alpha="0.8" z_ind="0.0" b-shade-px="0.0" ID="shape-1654181811922" x_size_px="70.0" rot_angle="0.0" x_orig="7.907749077490735" y_orig="5.318573185731864"><base:stroke width="5.0" dash="plain" colour="black"/><base:text ext:alignment="center" ext:vertalignment="center"><base:font ext:alignment="center" colour="0xffde00ff" ext:vertalignment="center" size="20.0" underscore="false" name="monospace" bold="true" italic="true">Help!</base:font></base:text><ext:script include_source="/scripts/shape-165418181192210696577117900781199.py" language="python"/></base:shape><base:shape type="rectangle" l-shade-px="0.0" r-shade-px="0.0" disp_duration_s="-1.0" show_after_s="0.0" y_size_px="500.0" fill="0x000000ff" t-shade-px="0.0" shade_colour="0xff0000ff" ext:shade-px="10.0" alpha="0.8" z_ind="-1.0" b-shade-px="0.0" ID="calchelpbox" x_size_px="300.0" rot_angle="0.0" x_orig="301.5387453874539" y_orig="64.97416974169744" visible="false"><base:stroke width="1.0" dash="dot-dash" colour="red"/><base:text ext:alignment="center" ext:vertalignment="top_left"><base:font ext:alignment="center" colour="0x91e7abff" ext:vertalignment="top_left" size="18.0" underscore="false" name="monospace" bold="false" italic="false">Help:
This is an RPN calculator.
Press your first operand, then 'Enter', then your second Operand, then your Operator.

The stack is of infinite size - previous values may be accessed through the 'R&#x2193;' button, but I'd avoid it if I were you - as I say, it can be infinitely long.

The X Register is the contents of the screen, and the Y register is the last 'Entered' value. These are swapable through the 'X&#x2194;Y' button.</base:font></base:text></base:shape><ext:script include_source="/scripts/page-010444515004153817234.py" language="python"/></base:page><base:page title="About Us" l-shade-px="0.0" disp_duration_s="-1.0" r-shade-px="0.0" visible="true" show_after_s="0.0" y_size_px="600.0" fill="0xffffffff" y_orig="0.0" t-shade-px="0.0" shade_colour="0x661a33ff" ext:shade-px="0.0" alpha="1.0" z_ind="0.0" b-shade-px="0.0" ID="page-1654296796034" x_size_px="960.0" x_orig="0.0" rot_angle="0.0"><base:image l-shade-px="0.0" disp_duration_s="-1.0" r-shade-px="0.0" visible="true" show_after_s="0.0" include_source="/images/logo.jpg" y_size_px="400.0" fill="0x00fbf626" t-shade-px="0.0" shade_colour="0x000000ff" ext:shade-px="0.0" alpha="1.0" z_ind="-2.0" b-shade-px="0.0" ID="logo0" x_size_px="300.0" rot_angle="0.0" x_orig="607.9661705006766" y_orig="177.31123139377536"/><base:shape type="rectangle" l-shade-px="0.0" disp_duration_s="-1.0" r-shade-px="0.0" visible="true" show_after_s="0.0" y_size_px="350.0" fill="0xffffffff" t-shade-px="0.0" shade_colour="0x000000ff" ext:shade-px="0.0" alpha="1.0" z_ind="0.0" b-shade-px="0.0" ID="shape-1654297989820" x_size_px="450.0" rot_angle="0.0" x_orig="71.36088709677415" y_orig="157.96975806451613"><base:stroke width="5.0" dash="plain" colour="black"/></base:shape><base:shape type="rectangle" l-shade-px="0.0" disp_duration_s="-1.0" r-shade-px="0.0" visible="true" show_after_s="0.0" y_size_px="100.0" fill="0xffffffff" t-shade-px="0.0" shade_colour="0x000000ff" ext:shade-px="0.0" alpha="1.0" z_ind="0.0" b-shade-px="0.0" ID="shape-1654298023834" x_size_px="800.0" rot_angle="0.0" x_orig="73.20161290322585" y_orig="24.25604838709677"><base:stroke width="5.0" dash="plain" colour="black"/><base:text ext:alignment="center" ext:vertalignment="center_left"><base:font ext:alignment="center" colour="0x000000ff" ext:vertalignment="center_left" size="60.0" underscore="true" name="Monospace" bold="true" italic="false">Who Are We?</base:font></base:text></base:shape></base:page><base:page title="Our Product" l-shade-px="0.0" r-shade-px="0.0" disp_duration_s="-1.0" visible="true" show_after_s="0.0" y_size_px="600.0" fill="0x804d80ff" y_orig="0.0" t-shade-px="0.0" shade_colour="0x000000ff" ext:shade-px="0.0" alpha="1.0" z_ind="0.0" b-shade-px="0.0" ID="page-1654184621878" x_orig="0.0" x_size_px="960.0" rot_angle="0.0"><base:shape type="ellipse" l-shade-px="0.0" disp_duration_s="-1.0" r-shade-px="0.0" visible="true" show_after_s="0.0" y_size_px="400.0" fill="0xccccccff" t-shade-px="0.0" shade_colour="0x0000ffff" ext:shade-px="10.0" alpha="1.0" z_ind="0.0" b-shade-px="0.0" ID="shape-1654184741363" x_size_px="600.0" rot_angle="0.0" x_orig="154.1082410824108" y_orig="49.84378843788443"><base:stroke width="5.0" dash="plain" colour="black"/><ext:script include_source="/scripts/shape-16541847413634311656009180540177.py" language="python"/><base:text ext:alignment="center" ext:vertalignment="center_left"><base:font ext:alignment="center" colour="0x000000ff" ext:vertalignment="center_left" size="60.0" underscore="false" name="Serif" bold="true" italic="false">What are we making?</base:font></base:text></base:shape><base:shape type="rectangle" l-shade-px="0.0" disp_duration_s="-1.0" r-shade-px="0.0" show_after_s="0.0" fill="0x9980e6ff" t-shade-px="0.0" shade_colour="0xe4ff00ff" ext:shade-px="30.0" alpha="0.8" z_ind="-1.0" b-shade-px="0.0" ID="shape-1654185021998" x_orig="222.46986469864692" y_orig="59.49938499384996" visible="false" x_size_px="400.0" y_size_px="400.0" rot_angle="13.999999999998522"><base:stroke width="5.0" dash="plain" colour="black"/><base:text ext:alignment="center" ext:vertalignment="center"><base:font ext:alignment="center" colour="0xff0000ff" ext:vertalignment="center" size="40.0" underscore="false" name="Sans" bold="true" italic="true">We are building a novel way to teach and learn Computing fundamentals.</base:font></base:text></base:shape><ext:script include_source="/scripts/page-16541846218783879515923420377766.py" language="python"/></base:page><base:page title="Target Market" l-shade-px="0.0" r-shade-px="0.0" disp_duration_s="-1.0" visible="true" show_after_s="0.0" y_size_px="600.0" fill="0xff9980ff" y_orig="0.0" t-shade-px="0.0" shade_colour="0x000000ff" ext:shade-px="0.0" alpha="1.0" z_ind="0.0" b-shade-px="0.0" ID="page-1654290327810" x_size_px="960.0" x_orig="0.0" rot_angle="0.0"><base:shape type="rectangle" l-shade-px="0.0" r-shade-px="0.0" disp_duration_s="-1.0" visible="true" show_after_s="0.0" y_size_px="100.0" fill="0xb399ffff" t-shade-px="0.0" shade_colour="0x800080ff" ext:shade-px="20.0" alpha="1.0" z_ind="0.0" b-shade-px="0.0" ID="shape-1654290339929" x_size_px="900.0" rot_angle="0.0" x_orig="9.622462787550717" y_orig="12.947225981055482"><base:stroke width="5.0" dash="plain" colour="black"/><base:text ext:alignment="center" ext:vertalignment="center_left"><base:font ext:alignment="center" colour="0x000000ff" ext:vertalignment="center_left" size="60.0" underscore="true" name="Serif" bold="true" italic="false">Our Market</base:font></base:text></base:shape><base:shape type="rectangle" l-shade-px="0.0" disp_duration_s="-1.0" r-shade-px="0.0" visible="true" show_after_s="0.0" y_size_px="400.0" y_orig="149.31123139377536" t-shade-px="0.0" shade_colour="0x0000ffff" ext:shade-px="15.0" alpha="1.0" z_ind="0.0" b-shade-px="0.0" ID="shape-1654291086340" x_size_px="500.0" x_orig="15.96617050067664" rot_angle="0.0" fill="#002D7BA4"><base:stroke width="5.0" dash="plain" colour="black"/><ext:script include_source="/scripts/shape-165429108634014516922927948164426.py" language="python"/><base:text ext:alignment="center" ext:vertalignment="center_left"><base:font ext:alignment="center" colour="0xccccccff" ext:vertalignment="center_left" size="16.0" underscore="false" name="sans" bold="false" italic="false">We are selling to</base:font></base:text></base:shape>
<base:image l-shade-px="0.0" disp_duration_s="-1.0" r-shade-px="0.0" visible="true" show_after_s="0.0" include_source="/images/duncan.jpeg" y_size_px="400.0" fill="0x00fbf626" t-shade-px="0.0" shade_colour="0x000000ff" ext:shade-px="15.0" alpha="0.7" z_ind="-2.0" b-shade-px="0.0" ID="image-1654291086340" x_size_px="370.0" rot_angle="10.0" x_orig="565.9661705006766" y_orig="237.31123139377536"/>

<base:shape type="rectangle" l-shade-px="0.0" disp_duration_s="-1.0" r-shade-px="0.0" visible="true" show_after_s="0.0" y_size_px="20.0" fill="0xffffffff" t-shade-px="0.0" shade_colour="0x000000ff" ext:shade-px="0.0" alpha="0.5" z_ind="0.0" b-shade-px="0.0" ID="shape-1654296894066" x_size_px="200.0" rot_angle="0.0" x_orig="741.7005649717514" y_orig="530.8305084745764"><base:stroke width="1.0" dash="plain" colour="black"/><base:text ext:alignment="center" ext:vertalignment="center_left"><base:font ext:alignment="center" colour="0x00000080" ext:vertalignment="center_left" size="10.0" underscore="false" name="monospace" bold="false" italic="false">Source: <base:href type="external" target="https://blog.teachcomputing.org/gcse-topics-now-available-on-isaac-computer-science/">blog.teachcomputing.org</base:href></base:font></base:text></base:shape></base:page>
</base:document>
